단어,rater3,,
가건물,1,,
가사용,1,,
가설,1,,
가설하다,1,,
가압,1,,
가압류,1,,
"강송, 강행 송전",1,,
개보,1,,
개산,1,,
개산급,1,,
개수,1,,
개시,1,,
건물지,1,,
건전 구간,1,,
고수부지,1,,
고지 의무,1,,
공기,1,,
공부,1,,
공사 공정 예정표,1,,
공사 현장 대리인,1,,
관급,1,,
관급 자재,1,,
관인,1,,
구배,1,,
국부적인,1,,
굴토,1,,
낙반,1,,
낙상,1,,
내구연한,1,,
노변,1,,
농무 현상,1,,
대조 공부,1,,
방풍림,1,,
분수림,1,,
수렴,1,,
수리,1,,
수범 사례,1,,
악천후,1,,
압입,1,,
우수 관로,1,,
위해물,1,,
윤번,1,,
음용수,1,,
이격,1,,
전수,1,,
절사,1,,
절전 규제,1,,
절취,1,,
조림,1,,
지관,1,,
하이브리드,1,,
하자,1,,
,,,
,,,
,,,
,,,
,,,
,,,
,,,
,,,
,,,
,,,
,,,
,,,
,,,
,,,
,,,
,,,
,,,
,,,
,,,
,,,
,,,
,,,
,,,
,,,
,,,
,,,
,,,
,,,
,,,
,,,
,,,
,,,
,,,
,,,
,,,
,,,
,,,
,,,
,,,
,,,
,,,
,,,
,,,
,,,
,,,
,,,
,,,
,,,
,,,
,,,
,,,
,,,
,,,
,,,
,,,
,,,
,,,
,,,
,,,
,,,
,,,
,,,
,,,
,,,
,,,
,,,
,,,
,,,
,,,
,,,
,,,
,,,
,,,
,,,
,,,
,,,
,,,
,,,
,,,
,,,
,,,
,,,
,,,
,,,
,,,
,,,
,,,
,,,
,,,
,,,
,,,
,,,
,,,
,,,
,,,
,,,
,,,
,,,
,,,
,,,
,,,
,,,
,,,
,,,
,,,
,,,
,,,
,,,
,,,
,,,
,,,
,,,
,,,
,,,
,,,
,,,
,,,
,,,
,,,
,,,
,,,
,,,
,,,
,,,
,,,
,,,
,,,
,,,
,,,
,,,
,,,
,,,
,,,
,,,
,,,
,,,
,,,
,,,
,,,
,,,
,,,
,,,
,,,
,,,
,,,
,,,
,,,
,,,
,,,
,,,
,,,
,,,
,,,
,,,
,,,
,,,
,,,
,,,
,,,
,,,
,,,
,,,
,,,
,,,
,,,
,,,
,,,
,,,
,,,
,,,
,,,
,,,
,,,
,,,
,,,
,,,
,,,
,,,
,,,
,,,
,,,
,,,
,,,
,,,
,,,
,,,
,,,
,,,
,,,
,,,
,,,
,,,
,,,
,,,
,,,
,,,
,,,
,,,
,,,
,,,
,,,
,,,
,,,
,,,
,,,
,,,
,,,
,,,
,,,
,,,
,,,
,,,
,,,좌천
